Word,Class
amateur,Sexual
AnalAnnie,Sexual
Angie,Sexual
Aroused,Sexual
assblaster,Sexual
ass cowboy,Sexual
ass jacker,Sexual
AssMan,Sexual
assranger,Sexual
ass whore,Sexual
Ass-assinate,Sexual
ass-jabber,Sexual
ass-pirate,Sexual
assbandit,Sexual
assbanger,Sexual
assfuck,Sexual
assfucker,Sexual
asshopper,Sexual
assklown,Sexual
asslick,Sexual
asslicker,Sexual
asspacker,Sexual
asspuppy,Sexual
asssucker,Sexual
backdoor,Sexual
backdoor man,Sexual
Bad Fuck,Sexual
Ball licker,Sexual
Balls,Sexual
banging,Sexual
bastard,Sexual
bastard,Sexual
beastiality,Sexual
beaver,Sexual
big butt,Sexual
bitch ass,Sexual
bitcher,Sexual
bitchtits,Sexual
bite me,Sexual
Blowjob,Sexual
blowjob,Sexual
BOMD,Sexual
boobies,Sexual
boobs,Sexual
BOONGA,Sexual
brea5t,Sexual
Breast Job,Sexual
Breast Man,Sexual
brothel,Sexual
brotherfucker,Sexual
buggery,Sexual
bulldike,Sexual
bulldyke,Sexual
bumblefuck,Sexual
bunga,Sexual
Bunghole,Sexual
ButchDyke,Sexual
butt,Sexual
butt fucker,Sexual
butt pirate,Sexual
buttbang,Sexual
Buttfuck,Sexual
buttfucka,Sexual
butthead,Sexual
buttpirate,Sexual
byatch,Sexual
"carpet muncher ",Sexual
cherry popper,Sexual
chin,Sexual
Chode,Sexual
Clam digger,Sexual
Clit,Sexual
clitfuck,Sexual
cock,Sexual
cock block,Sexual
cock cowboy,Sexual
cock fight,Sexual
cock jockey,Sexual
Cock knob,Sexual
Cock Licker,Sexual
Cock Smoke,Sexual
cock suck,Sexual
cock tease,Sexual
cockblocker,Sexual
Cockhead,Sexual
cockmaster,Sexual
cockmongler,Sexual
cockmuncher,Sexual
Cocknugget,Sexual
Cockqueen,Sexual
cockrider,Sexual
cocksman,Sexual
cocksmith,Sexual
cocksmoker,Sexual
cocksniffer,Sexual
cocksucked,Sexual
Cocksucker,Sexual
Cocksucking,Sexual
coochie,Sexual
coochy,Sexual
coondog,Sexual
cornhole,Sexual
crotchrot,Sexual
cum,Sexual
cum bubble,Sexual
cum guzzler,Sexual
Cum jockey,Sexual
cum tart,Sexual
cumdumpster,Sexual
cummer,Sexual
cumming,Sexual
Cumqueen,Sexual
cumshot,Sexual
cunilingus,Sexual
cunnilingus,Sexual
cunt ,Sexual
cunt rag,Sexual
Cuntass,Sexual
cuntfuck,Sexual
cuntfucker,Sexual
cunthole,Sexual
cuntlick,Sexual
cuntlicker,Sexual
cuntlicking,Sexual
deepthroat ,Sexual
destroy,Sexual
dick beaters,Sexual
Dick for brains,Sexual
Dick Licker ,Sexual
dick weasel,Sexual
dick wod,Sexual
Dickbag,Sexual
Dickfuck,Sexual
dickfucker,Sexual
dicklick,Sexual
dickman,Sexual
dickmonger,Sexual
dickslap,Sexual
dicksucker,Sexual
dicksucking,Sexual
dicktickler,Sexual
dipstick,Sexual
Dix,Sexual
doggystyle,Sexual
dyke,Sexual
eat me,Sexual
eat pussy,Sexual
Ejaculate,Sexual
ejaculating,Sexual
enema,Sexual
erection,Sexual
escort,Sexual
Fagfucker,Sexual
faggot,Sexual
fagot,Sexual
fanny fucker,Sexual
fastfuck,Sexual
fear,Sexual
felatio,Sexual
Felch,Sexual
felcher,Sexual
felching,Sexual
fellatio,Sexual
Feltcher,Sexual
feltching,Sexual
finger fuck,Sexual
finger fucker,Sexual
fingerfuckers,Sexual
fingerfucking,Sexual
fist fuck,Sexual
fist fucked,Sexual
fistfucker,Sexual
fistfucking,Sexual
fisting,Sexual
Flange,Sexual
foot fuck,Sexual
footfucker,Sexual
Foursome,Sexual
free fuck,Sexual
fu,Sexual
fuck,Sexual
fuck,Sexual
fucka,Sexual
fuckable,Sexual
fuckass,Sexual
fuckbag,Sexual
fuckboy,Sexual
fuckbrain,Sexual
fuckbuddy,Sexual
fucked,Sexual
fucker,Sexual
fuckers,Sexual
fuckersucker,Sexual
fuckface,Sexual
fuckfest,Sexual
fuckfreak,Sexual
fuckfriend,Sexual
fuckhead,Sexual
fuckher,Sexual
fuckina,Sexual
fucking,Sexual
fuckingbitch,Sexual
fuckit,Sexual
fuckknob,Sexual
fuckme,Sexual
fuckmehard,Sexual
fuckmonkey,Sexual
fuckpig,Sexual
fucktard,Sexual
fuckup,Sexual
fuckwhore,Sexual
fuckyou,Sexual
fudge packer,Sexual
Fugly,Sexual
Funfuck,Sexual
gangbang,Sexual
gangbanger ,Sexual
gayass,Sexual
gaybob,Sexual
gaydo,Sexual
gayfuck,Sexual
gayfuckist,Sexual
gaylord,Sexual
gaytard,Sexual
gaywad,Sexual
genitals,Sexual
give head,Sexual
Glazed donut,Sexual
goddamn,Sexual
goldenshower,Sexual
gooch,Sexual
handjob,Sexual
harder,Sexual
harem,Sexual
headfuck,Sexual
Henig,Sexual
heterosexual ,Sexual
homo,Sexual
homosexual ,Sexual
hose job,Sexual
hotpussy,Sexual
humping,Sexual
hussy,Sexual
hymen,Sexual
incest,Sexual
insest,Sexual
intheass,Sexual
inthebuff,Sexual
jiggabo,Sexual
jism,Sexual
jiz ,Sexual
jizim,Sexual
jizjuice,Sexual
jizm ,Sexual
jizzim,Sexual
jizzum,Sexual
jugs,Sexual
kaffer,Sexual
kaffir,Sexual
kaffre,Sexual
kanake,Sexual
kinky,Sexual
kissass,Sexual
kondum,Sexual
kooch,Sexual
kootch,Sexual
kum,Sexual
kunilingus,Sexual
kunnilingus,Sexual
kunt,Sexual
lam diver,Sexual
lapdance,Sexual
lesbain,Sexual
lesbayn,Sexual
lesbin,Sexual
lez,Sexual
lezbe,Sexual
lezbefriends,Sexual
lezbo,Sexual
lezz,Sexual
lezzie,Sexual
lezzo,Sexual
libido,Sexual
limpdick,Sexual
livesex,Sexual
loadedgun,Sexual
lolita,Sexual
lovebone,Sexual
lovejuice,Sexual
lovemuscle,Sexual
lubejob,Sexual
mastabate,Sexual
mastabater,Sexual
masterbate,Sexual
masterblaster,Sexual
mastrabator,Sexual
masturbate,Sexual
masturbating,Sexual
milf,Sexual
minge,Sexual
molest,Sexual
molestation,Sexual
molester,Sexual
molestor,Sexual
moneyshot,Sexual
mothafucka,Sexual
mothafuckin,Sexual
motherfucker,Sexual
motherfucking,Sexual
muffdive,Sexual
muffindiver,Sexual
mufflikcer,Sexual
nipple,Sexual
nittit,Sexual
nook,Sexual
nookey,Sexual
nookie,Sexual
nooner,Sexual
nude,Sexual
nutsack,Sexual
orgasim ,Sexual
orgasm,Sexual
panooch,Sexual
pearlnecklace,Sexual
pecker,Sexual
peehole,Sexual
peni5,Sexual
penile,Sexual
penis,Sexual
penisbanger,Sexual
penises,Sexual
penisfucker,Sexual
penispuffer,Sexual
phonesex,Sexual
pindick,Sexual
pissflaps,Sexual
playboy,Sexual
playgirl,Sexual
polesmoker,Sexual
poon,Sexual
poonani,Sexual
poontang,Sexual
porn,Sexual
pornflick,Sexual
pornking,Sexual
porno,Sexual
pornography,Sexual
pornprincess,Sexual
prostitute,Sexual
pu55i,Sexual
pu55y,Sexual
pube,Sexual
pud,Sexual
pudboy,Sexual
pudd,Sexual
puddboy,Sexual
puntang,Sexual
puss,Sexual
pussie,Sexual
pussies,Sexual
pussycat,Sexual
pussyeater,Sexual
pussyfucker,Sexual
pussylicker,Sexual
pussylicking,Sexual
pussylips,Sexual
pussylover,Sexual
pussypounder,Sexual
pusy,Sexual
queerhole,Sexual
quim,Sexual
rape,Sexual
raped,Sexual
raper,Sexual
rapist,Sexual
rear entry,Sexual
rentafuck,Sexual
rimjob,Sexual
rimjob,Sexual
schlong,Sexual
semen,Sexual
short fuck,Sexual
sixtynine,Sexual
sixtyniner,Sexual
skank,Sexual
skank bitch,Sexual
skank fuck,Sexual
skank whore,Sexual
skanky,Sexual
skanky bitch,Sexual
skanky whore,Sexual
skin flute,Sexual
skullfuck,Sexual
slut wear,Sexual
slut whore,Sexual
slutbag,Sexual
sluts,Sexual
slutt,Sexual
slutting,Sexual
slutty,Sexual
slutwhore,Sexual
snatch,Sexual
sodom,Sexual
sodomise,Sexual
sodomite,Sexual
sodomize,Sexual
sodomy,Sexual
spank the monkey,Sexual
spermbag,Sexual
spermhearder,Sexual
spermherder,Sexual
spooge,Sexual
stiffy,Sexual
suck,Sexual
suckdick,Sexual
suckme,Sexual
suckmytit,Sexual
testicles,Sexual
titbitnipply,Sexual
titfucker,Sexual
titfuckin,Sexual
tittie,Sexual
titties,Sexual
titty,Sexual
tittyfuck,Sexual
transexual,Sexual
transsexual,Sexual
transvestite,Sexual
trisexual,Sexual
twat,Sexual
twat,Sexual
twatwaffle,Sexual
twobitwhore,Sexual
uck,Sexual
unclefucker,Sexual
unfuckable,Sexual
uptheass,Sexual
va-j-j,Sexual
vag,Sexual
vaginal,Sexual
vajayjay,Sexual
virginbreaker,Sexual
vjayjay,Sexual
wank,Sexual
wank,Sexual
wanker,Sexual
wanking,Sexual
wankjob,Sexual
wetspot,Sexual
whore,Sexual
whorefucker,Sexual
williewanker,Sexual
abbo,Racial
abo,Racial
African Forklift,Racial
Alligator Bait,Racial
arab,Racial
argie,Racial
assnigger,Racial
beaner ,Racial
Bigger,Racial
"black ",Racial
bohunk,Racial
boong,Racial
Bounty bar,Racial
camel jockey,Racial
canadian,Racial
Canuck,Racial
Chinaman,Racial
chinc,Racial
chink ,Racial
chinky,Racial
clog wog,Racial
cocknose,Racial
colored,Racial
Coloured,Racial
coolie,Racial
coolies,Racial
coon,Racial
cracker,Racial
cunteyed,Racial
dago,Racial
darkie,Racial
darky,Racial
ethnic,Racial
FATASS,Racial
filipina,Racial
filipino,Racial
Fok,Racial
frog,Racial
gipsy,Racial
gook,Racial
goy,Racial
goyim,Racial
greaseball,Racial
gringo,Racial
guido,Racial
gypsy,Racial
half-breed,Racial
half-caste,Racial
haole,Racial
hapa,Racial
hebe,Racial
heeb,Racial
Hillbilly ,Racial
hindoo,Racial
Hodgie,Racial
honkey,Racial
honky,Racial
hore ,Racial
Injun,Racial
jap,Racial
Jerry,Racial
jiga,Racial
jigaboo,Racial
jigga,Racial
jijjiboo,Racial
jimfish,Racial
jock,Racial
junglebunny,Racial
kaffir,Racial
kafir,Racial
kike,Racial
kike,Racial
kraut,Racial
kyke,Racial
makwerekwere,Racial
mammy,Racial
mick,Racial
mooncricket,Racial
mosshead,Racial
mulatto,Racial
mulatto,Racial
native,Racial
negro,Racial
negro's,Racial
negroes,Racial
negroid,Racial
nig,Racial
nigaboo,Racial
niger,Racial
nigg,Racial
nigga,Racial
niggah,Racial
niggaz,Racial
niggers,Racial
niggor,Racial
niggur,Racial
niglet,Racial
nignog,Racial
nigr,Racial
nigra,Racial
nigre,Racial
nlgger,Racial
nlggor,Racial
nonwhite,Racial
oriental,Racial
Paddy,Racial
pakeha ,Racial
paki,Racial
paki,Racial
paleface,Racial
peckerwood,Racial
picaninny,Racial
pickaninny,Racial
pocho,Racial
pocohantas,Racial
pohm,Racial
Polack,Racial
pollock,Racial
pommy,Racial
poor white trash,Racial
porch monkey ,Racial
porchmonkey,Racial
porchmonkey,Racial
primitive,Racial
Pygmy,Racial
racist,Racial
raghead,Racial
Red Indian,Racial
redskin,Racial
ruski,Racial
sandnigger,Racial
savage,Racial
seppo,Racial
slant eye,Racial
snownigger,Racial
spade,Racial
spaghettibender,Racial
spaghettinigger,Racial
spic,Racial
spick,Racial
spook,Racial
squaw,Racial
Taffy,Racial
timbernigger,Racial
trailertrash,Racial
Uncle Tom,Racial
WASP,Racial
waspy,Racial
wetback,Racial
whigger,Racial
white trash,Racial
whitenigger,Racial
whitey,Racial
wog,Racial
wop,Racial
Yank,Racial
Yankee,Racial
yellowman,Racial
yid,Racial
zigabo,Racial
zipperhead,Racial
alla,Appearance
big ass,Appearance
camel toe,Appearance
Chesticles,Appearance
cock waffle,Appearance
coon,Appearance
cumslut,Appearance
cuntface,Appearance
cuntslut,Appearance
dickface,Appearance
FATASS,Appearance
fuckface,Appearance
lardass,Appearance
skank,Appearance
cockbite,Intelligence
Cockmuncher,Intelligence
demon,Intelligence
demonrats,Intelligence
dickwad,Intelligence
dickwad,Intelligence
asshead,Intelligence
assshit,Intelligence
asswipe,Intelligence
Boang,Intelligence
bottom-feeder,Intelligence
cockhead,Intelligence
cocksucker,Intelligence
Cocksucker,Intelligence
dickbrain,Intelligence
Dickweed,Intelligence
dink,Intelligence
dipstick,Intelligence
douchebag,Intelligence
DUMB,Intelligence
dumbass,Intelligence
dumbbitch,Intelligence
dumbfuck,Intelligence
fuckhead,Intelligence
fucktard,Intelligence
moron,Intelligence
retard,Intelligence
shitfaced,Intelligence
shithead,Intelligence
shitspitter,Intelligence
turd,Intelligence
tard,Intelligence
wuss,Intelligence
anal,Politics
anus,Politics
arse,Politics
asian,Politics
ass-hat,Politics
assbag,Politics
dipshit,Politics
Douche,Politics
dumbass(idiot),Politics
Failure,Politics
FUC,Politics
leftist,Politics
libtards,Politics
POS,Politics
propaganda,Politics
redneck,Politics
RINO,Politics
scumbag,Politics
snowflake,Politics
troll,Politics
towelhead,Politics
assbite,Generic
asscock,Generic
asses,Generic
assface,Generic
asshat,Generic
asshole,Generic
babe,Generic
babe,Generic
baby,Generic
bitchin,Generic
blackman,Generic
boob,Generic
bra,Generic
breast,Generic
Buggered,Generic
buttface,Generic
clitface,Generic
clitoris,Generic
coitus,Generic
Copulate,Generic
cumquat,Generic
Dahmer,Generic
Dickless,Generic
dum ass,Generic
dumb fuck,Generic
Eskimo,Generic
ethiopian,Generic
fairy ,Generic
Flatulence,Generic
fuckedup,Generic
fuckin,Generic
fuckinnuts,Generic
fuckinright,Generic
gay,Generic
God ,Generic
Indian,Generic
jackass,Generic
jiggy,Generic
munging,Generic
negress,Generic
randy,Generic
scrotum,Generic
shitface,Generic
